<?xml version="1.0" encoding="UTF-8"?>
<Window size="540,510" mininfo="540,510" caption="0,0,0,27" sizebox="4,4,4,4" roundcorner="4,4,4,4">
  <Font name="MS Shell Dlg 2" size="12" bold="false" default="true" />
  <Font name="MS Shell Dlg 2" size="11" bold="true"/>
<Default name="VScrollBar" value="width=&quot;14&quot; maxwidth=&quot;14&quot; button1normalimage=&quot;file='scrollbar_arrowup_normal.png' &quot; button1hotimage=&quot;file='scrollbar_arrowup_highlight.png'&quot; button1pushedimage=&quot;file='scrollbar_arrowup_down.png'&quot; button2normalimage=&quot;file='scrollbar_down_normal.png'&quot; button2hotimage=&quot;file='scrollbar_down_highlight.png'&quot; button2pushedimage=&quot;file='scrollbar_down_down.png'&quot; thumbnormalimage=&quot;file='scrollbar_bar_normal.png' corner='0,1,0,1'&quot; thumbhotimage=&quot;file='scrollbar_bar_highlight.png' corner='0,1,0,1'&quot; thumbpushedimage=&quot;file='scrollbar_bar_down.png' corner='0,1,0,1'&quot; bknormalimage=&quot;file='scrollbar_bkg.png'&quot;" />
<HorizontalLayout name="bg" size="540,510" bkimage="file='bg0.png' corner='40,86,152,155'" hole="true">
	<VerticalLayout inset="1,0,1,0" hole="true">
		<HorizontalLayout height="45">
			<VerticalLayout width="40" inset="0,1,0,0">
				<Button name="logo" float="true" pos="8,6,40,38" width="32" height="32" maxheight="32" maxwidth="32" bkimage="file='qq.png' corner='5,5,5,5' dest='2,2,30,30'" normalimage="file='aio_head_normal.png'" hotimage="file='aio_head_normal.png'" pushedimage="file='aio_head_normal.png'"/>
			</VerticalLayout>
			<VerticalLayout inset="2,6,2,0">
				<Text name="txtBuddyName" textcolor="#FF000000" font="1" text="倚天(43156150)" width="200" height="16" />
				<RichEdit name="txtBuddySign" multiline="false" width="200" inset="2,0,0,0" textcolor="#FF000000" height="18" text="敬畏理想，相信未来..." enabled="true" rich="false"/>
			</VerticalLayout>
			<VerticalLayout width="95">
				<Button name="btnMinSys" float="true" pos="0,0,28,20" width="28" height="20" maxheight="20" maxwidth="28"  normalimage="file='btn_mini_normal.png'" hotimage="btn_mini_highlight.png" pushedimage="btn_mini_down.png"  />
				<Button name="btnMaxSys" float="true" pos="28,0,56,20" width="28" height="20" maxheight="20" maxwidth="28"  normalimage="file='btn_max_normal.png'" hotimage="btn_max_highlight.png" pushedimage="btn_max_down.png"  />
        <Button name="btnRestoreSys" visible="false" float="true" pos="28,0,56,20" width="28" height="20" maxheight="20" maxwidth="28"  normalimage="file='btn_restore_normal.png'" hotimage="btn_restore_highlight.png" pushedimage="btn_restore_down.png"  />
				<Button name="btnCloseSys" float="true" pos="56,0,95,20" width="39" height="20" maxheight="20" maxwidth="39"  normalimage="file='btn_close_normal.png'" hotimage="btn_close_highlight.png" pushedimage="btn_close_down.png"  />
			</VerticalLayout>
		</HorizontalLayout>
		<HorizontalLayout>
			<VerticalLayout>
				<HorizontalLayout name="TopBtnList" height="44" inset="4,2,2,2">
					<Button name="home" width="40" height="40" maxheight="40" maxwidth="40" bkimage="file='video.png' dest='6,6,34,34'" hotimage="file='aio_toolbar_highligh.png' corner='3,3,3,3'" pushedimage="file='aio_toolbar_down.png' corner='3,3,3,3'"  />
					<Control width="2"/>
					<Button name="hide" width="40" height="40" maxheight="40" maxwidth="40" bkimage="file='audio.png' dest='6,6,34,34'" hotimage="file='aio_toolbar_highligh.png' corner='3,3,3,3'" pushedimage="file='aio_toolbar_down.png' corner='3,3,3,3'"  />
					<Control width="2"/>
					<Button name="" width="40" height="40" maxheight="40" maxwidth="40" bkimage="file='sendfile.png' dest='6,6,34,34'" hotimage="file='aio_toolbar_highligh.png' corner='3,3,3,3'" pushedimage="file='aio_toolbar_down.png' corner='3,3,3,3'"  />
					<Control width="2"/>
					<Button name="" width="40" height="40" maxheight="40" maxwidth="40" bkimage="file='sendsms.png' dest='6,6,34,34'" hotimage="file='aio_toolbar_highligh.png' corner='3,3,3,3'" pushedimage="file='aio_toolbar_down.png' corner='3,3,3,3'"  />
					<Control width="2"/>
					<Button name="" width="40" height="40" maxheight="40" maxwidth="40" bkimage="file='app.png' dest='6,6,34,34'" hotimage="file='aio_toolbar_highligh.png' corner='3,3,3,3'" pushedimage="file='aio_toolbar_down.png' corner='3,3,3,3'"  />
					<Control width="2"/>
					<Button name="" width="40" height="40" maxheight="40" maxwidth="40" bkimage="file='remote_assistance.png' dest='5,4,31,30'" hotimage="file='aio_toolbar_highligh.png' corner='3,3,3,3'" pushedimage="file='aio_toolbar_down.png' corner='3,3,3,3'"  />
				</HorizontalLayout>
				<HorizontalLayout bordersize="0" bordercolor="#FF999933" inset="5,0,0,0">
          <RichEdit name="richRecv" multiline="true" vscrollbar="true" autovscroll="true" rich="true" readonly="true" menu="true" />
				</HorizontalLayout>
				<HorizontalLayout name="FontBar" bkimage="file='font_bk.bmp' corner='0,1,1,0'" height="30" inset="4,4,4,4" visible="false">
					<Combo name="cboFontName" droptype="droplist" width="100" height="22" textpadding="4,1,1,1"  normalimage="file='combo.png' source='0,0,100,22' corner='2,2,20,2'" hotimage="file='combo.png' source='0,22,100,44' corner='2,2,22,2'" pushedimage="file='combo.png' source='0,44,100,66' corner='2,2,22,2'">
            <ListLabelElement text="方正舒体" height="23"/>
            <ListLabelElement text="方正姚体" height="23" />
            <ListLabelElement text="仿宋_GB2312" height="23" />
            <ListLabelElement text="黑体" height="23" />
            <ListLabelElement text="华文彩云" height="23" />
            <ListLabelElement text="华文仿宋" height="23" />
            <ListLabelElement text="华文琥珀" height="23" />
            <ListLabelElement text="华文楷体" height="23" />
            <ListLabelElement text="华文隶书" height="23" />
            <ListLabelElement text="华文宋体" height="23" />
            <ListLabelElement text="华文细黑" height="23" />
            <ListLabelElement text="华文新魏" height="23" />
            <ListLabelElement text="华文行楷" height="23" />
            <ListLabelElement text="华文中宋" height="23" />
            <ListLabelElement text="楷体_GB2312" height="23" />
            <ListLabelElement text="隶书" height="23" />
            <ListLabelElement text="宋体" selected="true" height="23" />
            <ListLabelElement text="宋体方正超大" height="23" />
            <ListLabelElement text="微软雅黑" height="23" />
            <ListLabelElement text="新宋体" height="23" />
            <ListLabelElement text="幼圆" height="23" />
          </Combo>
          <Combo name="cboFontSize" droptype="droplist" width="50" height="22" textpadding="4,1,1,1" normalimage="file='combo.png' source='0,0,100,22' corner='2,2,20,2'" hotimage="file='combo.png' source='0,22,100,44' corner='2,2,22,2'" pushedimage="file='combo.png' source='0,44,100,66' corner='2,2,22,2'">
            <ListLabelElement text="8" height="23" />
						<ListLabelElement text="9" selected="true" height="23" />
						<ListLabelElement text="10" height="23" />
						<ListLabelElement text="11" height="23" />
						<ListLabelElement text="12" height="23" />
						<ListLabelElement text="13" height="23" />
            <ListLabelElement text="14" height="23" />
            <ListLabelElement text="15" height="23" />
            <ListLabelElement text="16" height="23" />
            <ListLabelElement text="17" height="23" />
            <ListLabelElement text="18" height="23" />
            <ListLabelElement text="19" height="23" />
            <ListLabelElement text="20" height="23" />
            <ListLabelElement text="21" height="23" />
            <ListLabelElement text="22" height="23" />
					</Combo>
					<Control width="5"/>
					<Option showhtml="true" name="btnBold" width="26" height="22" text="{i Bold.png}{/i}" hotimage="file='aio_toolbar_highligh.png' corner='3,3,3,3'" selectedimage="file='aio_toolbar_down.png' corner='3,3,3,3'"  />
          <Option showhtml="true" name="btnItalic" width="26" height="22" text="{i Italic.png}{/i}" hotimage="file='aio_toolbar_highligh.png' corner='3,3,3,3'" selectedimage="file='aio_toolbar_down.png' corner='3,3,3,3'"  />
          <Option showhtml="true" name="btnUnderLine" width="26" height="22" text="{i underline.png}{/i}" hotimage="file='aio_toolbar_highligh.png' corner='3,3,3,3'" selectedimage="file='aio_toolbar_down.png' corner='3,3,3,3'"  />
          <Button name="btnColor" width="26" height="22" bkimage="file='color.png' dest='5,3,21,19'" hotimage="file='aio_toolbar_highligh.png' corner='3,3,3,3'" pushedimage="file='aio_toolbar_down.png' corner='3,3,3,3'"  />
				</HorizontalLayout>
				<HorizontalLayout height="27" inset="2,3,2,4" bkimage="file='MidToolBarBg.png'">
					<Option name="btnFont" width="24" height="20" maxheight="20" maxwidth="24" bkimage="file='icon_font.png' dest='2,0,22,20'" hotimage="file='aio_toolbar_highligh.png' corner='3,3,3,3'" selectedimage="file='aio_toolbar_down.png' corner='3,3,3,3'"  />
					<Control width="5"/>
          <Option name="btnFace" width="24" height="20" maxheight="20" maxwidth="24" bkimage="file='icon_face.png' dest='2,0,22,20'" hotimage="file='aio_toolbar_highligh.png' corner='3,3,3,3'" selectedimage="file='aio_toolbar_down.png' corner='3,3,3,3'"  />
					<Control width="5"/>
					<Button name="btnImage" width="24" height="20" maxheight="20" maxwidth="24" bkimage="file='icon_pic.png' dest='2,0,22,20'" hotimage="file='aio_toolbar_highligh.png' corner='3,3,3,3'" pushedimage="file='aio_toolbar_down.png' corner='3,3,3,3'"  />
					<Control width="5"/>
					<Button name="shockbtn" width="24" height="20" maxheight="20" maxwidth="24" bkimage="file='icon_shark.png' dest='2,0,22,20'" hotimage="file='aio_toolbar_highligh.png' corner='3,3,3,3'" pushedimage="file='aio_toolbar_down.png' corner='3,3,3,3'"  />
          <Control width="5"/>
          <Button name="screenshotsbtn" width="24" height="20" maxheight="20" maxwidth="24" bkimage="file='icon_screenshots.png' dest='2,0,22,20'" hotimage="file='aio_toolbar_highligh.png' corner='3,3,3,3'" pushedimage="file='aio_toolbar_down.png' corner='3,3,3,3'"  />
				</HorizontalLayout>
				<HorizontalLayout height="95" bkcolor="#FFFEFDFC" inset="5,0,0,0">
          <RichEdit name="richSend" multiline="true" vscrollbar="true" autovscroll="true" enabled="true" rich="true" readonly="false" wantreturn="true" wantctrlreturn="false" menu="true"/>
				</HorizontalLayout>
				<HorizontalLayout height="33" inset="0,2,0,0">
          <Control />
          <Button name="btnClose" padding="0,4,0,0" text="关闭(&C)" width="69" height="22" maxheight="22" maxwidth="69" bkimage="file='btn_normal.png'" hotimage="file='btn_highlight.png' corner='2,3,2,2'" pushedimage="file='btn_down.png' corner='2,5,2,2'"  />
          <Control width="5"/>
          <Button name="btnSend" padding="0,4,0,0" text="发送(&S)" width="69" height="22" maxheight="22" maxwidth="69" bkimage="file='btn_normal.png'" hotimage="file='btn_highlight.png' corner='2,3,2,2'" pushedimage="file='btn_down.png' corner='2,5,2,2'"  />
				</HorizontalLayout>
			</VerticalLayout>
			<VerticalLayout name="right_part" width="152">
			</VerticalLayout>
		</HorizontalLayout>
		<HorizontalLayout height="1" />
	</VerticalLayout>
</HorizontalLayout>
</Window>
